company,website,industry,employees,country,technology,job_title,icp_score,qualification,priority,ai_analysis
Company41,company41.example.com,SaaS,1075,USA,Azure;Java;Spring Boot,Chief Growth Officer,60,Qualified,Medium,"**Company Fit**

Company41 matches the available ICP criteria as a SaaS company with a medium-high priority score, indicating that it is a potential target for growth-focused initiatives. With 1075 employees and a presence in the USA, the company has a significant market potential. The use of Azure, Java, and Spring Boot technologies suggests that Company41 has a technical foundation that could be leveraged for growth initiatives.

**Potential Business Pain Points**

1. **Scalability Challenges**
Possibly: As a SaaS company, Company41 may face scalability challenges as it grows, which could impact its ability to deliver high-quality services to its customers.
2. **Innovation Stagnation**
Possible: With a medium priority score, Company41 may be at a crossroads in terms of innovation, where it needs to decide whether to continue investing in new technologies or focus on optimizing existing processes.

3. **Talent Acquisition and Retention**
Potential: With 1075 employees, Company41 may be facing talent acquisition and retention challenges, particularly in the tech industry, where skilled professionals are in high demand.

**Why the Target Contact May Care**

The Chief Growth Officer (CGO) at Company41 may care about scalability challenges because it directly impacts the company's ability to grow and expand its customer base. The CGO may also be concerned about innovation stagnation, as it could lead to a decline in competitiveness and revenue growth. Talent acquisition and retention challenges could also be a concern for the CGO, as it may impact the company's ability to deliver high-quality services to its customers and maintain its market position.

**Recommended GTM Approach**

A practical sales approach for Company41 could involve a strategic conversation with the CGO about how to optimize its growth initiatives while maintaining its competitive edge. This could involve discussing strategies for improving scalability, exploring new technologies to drive innovation, and implementing effective talent acquisition and retention processes.

**Suggested Outreach Angle**

One evidence-based personalization angle for reaching out to the CGO at Company41 is to highlight how the company's existing technology stack (Azure, Java, Spring Boot) can be leveraged to drive growth. For example, a salesperson could mention how Azure's scalability and reliability features can help Company41 scale its services quickly and efficiently, while Java and Spring Boot's developer productivity benefits can support the company's innovation efforts."
Company81,company81.example.com,SaaS,2075,USA,GCP;Kubernetes;Python,VP Marketing,60,Qualified,Medium,"**1. Company Fit**

Company81 matches the available ICP criteria as a SaaS company in the USA with a moderate ICP Score of 60. The company employs 2075 people, indicating a significant scale. Given the technology stack (GCP, Kubernetes, Python), it's likely that the company is involved in developing and deploying cloud-based applications, which is consistent with the ICP criteria.

**2. Potential Business Pain Points**

Hypotheses for potential business pain points:

* **Possible Pain Point**: Inefficient resource allocation due to manual Kubernetes deployment and management.
* **Possible Pain Point**: Insufficient scalability and performance issues caused by legacy application architecture.

These hypotheses are based on the technology stack and industry trends. However, they are not fact-based and should be tested through further research.

**3. Why the Target Contact May Care**

The VP Marketing role is likely to care about efficient resource allocation and scalability, as these factors can significantly impact marketing operations' effectiveness and ROI. The VP Marketing may also be concerned with performance issues, as they can impact user experience and engagement.

**4. Recommended GTM Approach**

A practical sales approach could involve:

* Educating the target contact on the benefits of efficient Kubernetes deployment and management through GCP's managed services.
* Highlighting how scalable and performant applications can improve marketing operations' efficiency and ROI.
* Discussing potential use cases where GCP's Kubernetes and Python capabilities can help address performance issues.

**5. Suggested Outreach Angle**

One evidence-based personalization angle could be:

* ""As a SaaS company, you're likely familiar with the challenges of scaling and optimizing your applications. Our GCP-powered solution has helped [similar SaaS company] improve their resource allocation and scalability, resulting in [desirable outcome]. I'd love to discuss how we can achieve similar results for your business.""

This angle acknowledges the target contact's industry and pain points, while also highlighting the relevance and success of a similar company's experience with the solution."
Company25,company25.example.com,SaaS,675,Germany,AWS;Python;React,VP Sales,45,Not Qualified,Low,"**Company Fit**

Company25 is a SaaS company with 675 employees, operating in Germany. Given the company's size and location, their ICP score of 45 falls within the ""small to medium-sized business"" category. Since the ICP criteria for B2B sales typically include companies with 100-1,000 employees, Company25 may not be an ideal fit. However, their focus on SaaS and use of AWS, Python, and React align with the ICP's technological preferences, making them a potential target.

**Potential Business Pain Points**

1. **Scalability Challenges**
	* Possible pain point: As a SaaS company, Company25 might struggle to scale their infrastructure to meet growing demands, potentially leading to performance issues or security breaches.
	* Hypothesis: With 675 employees, they may be experiencing increased traffic or data storage needs, requiring efficient scaling solutions.
2. **Integration Complexity**
	* Potential pain point: Integrating multiple AWS services and custom-built applications might be a challenge, affecting their overall IT efficiency and productivity.
	* Hypothesis: The use of React and Python might suggest a need for streamlined integration processes to ensure seamless data exchange and application development.

**Why the Target Contact May Care**

The VP Sales role likely involves identifying and pursuing new business opportunities, managing existing customer relationships, and driving revenue growth. Given the ICP score and qualification status, the VP Sales contact may be concerned about:

* Scalability challenges, as they may be tasked with expanding the company's customer base and infrastructure.
* Integration complexities, as they may need to negotiate with vendors or develop custom integrations to meet the company's specific needs.

**Recommended GTM Approach**

A practical sales approach could involve:

1. Highlighting the company's specific pain points and showcasing how your solution can address them.
2. Emphasizing the scalability and flexibility of your product, demonstrating how it can support the company's growth.
3. Offering a demo or trial to allow the VP Sales contact to experience the benefits of your solution firsthand.

**Suggested Outreach Angle**

Personalize the outreach by highlighting the role of AWS, Python, and React in the company's existing tech stack. Use data from publicly available sources, such as Company25's website or press releases, to demonstrate their current adoption of these technologies and the potential benefits of expanding their capabilities with your solution.

Example: ""As a SaaS company leveraging AWS, Python, and React, Company25 likely faces unique challenges in scaling their infrastructure and integrating custom-built applications. Our solution has helped similar companies in Germany achieve significant efficiency gains and growth. Would you like to discuss how our product can address your specific pain points and support your business objectives?"""
Company33,company33.example.com,SaaS,875,UK,GCP;Kubernetes;Python,VP Marketing,45,Not Qualified,Low,"**Analysis**

**Company Fit**

Company33 matches the available ICP criteria because it is a SaaS company with a moderate ICP score (45) and employs a large number of people (875). The company's use of GCP, Kubernetes, and Python technology indicates a strong focus on scalability and efficiency, which are common requirements for businesses in the SaaS sector.

**Potential Business Pain Points**

Potential:

* **Scalability Challenges**: With 875 employees, Company33 may struggle to maintain scalability and efficiency in its operations. (Possible pain point)
* **Innovation and Stagnation**: As a SaaS company, Company33 may be under pressure to continuously innovate and improve its offerings to stay competitive in the market. (Possible pain point)

Possible:

* **Cloud Migration Complexity**: Company33's use of GCP and Kubernetes may create challenges in migrating to the cloud, particularly if they lack expertise in cloud migration. (Unlikely pain point, given the company's technology stack)

**Why the Target Contact May Care**

The VP Marketing role may care about scalability challenges due to the following reasons:

* As a marketing leader, the VP Marketing is likely responsible for ensuring that the company's marketing efforts align with its overall business goals.
* Scaling marketing efforts can be complex and require significant resources, making scalability challenges a potential concern.

**Recommended GTM Approach**

A practical sales approach could be to:

* Develop a tailored presentation highlighting the benefits of scalable cloud solutions for SaaS companies.
* Emphasize the value of leveraging GCP and Kubernetes to streamline operations and improve efficiency.
* Offer a free consultation or assessment to help Company33 identify areas for improvement and provide a customized solution.

**Suggested Outreach Angle**

One evidence-based personalization angle could be:

* ""Hi [VP Marketing], as a VP Marketing at a large SaaS company, you're likely familiar with the importance of scalability in marketing efforts. Our solution has helped [similar SaaS company] improve their marketing efficiency by [X]%. I'd love to discuss how we can achieve similar results for Company33.""

This angle acknowledges the VP Marketing's role and industry, while highlighting the relevance of the solution to their pain points."
Company49,company49.example.com,SaaS,1275,Canada,AWS;Python;React,VP Sales,45,Not Qualified,Low,"**1. Company Fit**

Company49 meets the available ICP criteria as a SaaS company with an employee base of 1275, indicating a significant scale. The use of AWS, Python, and React technology suggests a focus on scalability, efficiency, and modern development practices. As a Canadian company, it aligns with the industry's growing presence in the region. The ICP score of 45 indicates a moderate level of sophistication, suggesting that Company49 likely serves a mid-to-large-sized business customer base.

**2. Potential Business Pain Points**

* **Possible Pain Point:** **Inefficient Data Management**
	+ Hypothesis: As a SaaS company, Company49 likely generates and manages large amounts of data. The complexity of this data management process might lead to inefficiencies, making it difficult to scale.
* **Possible Pain Point:** **Insufficient Security and Compliance**
	+ Hypothesis: As a company using AWS and storing sensitive data, Company49 may face challenges in maintaining robust security measures to comply with Canadian regulations.

**3. Why the Target Contact May Care**

As a VP of Sales, the target contact is likely responsible for driving revenue growth and customer satisfaction. They may care about addressing potential pain points that could impact these objectives, such as inefficient data management or security concerns.

**4. Recommended GTM Approach**

A practical sales approach for this prospect would be to:

* **Initial Contact:** Reach out to the VP of Sales with a personalized email or phone call, highlighting the value of a tailored solution for their data management or security challenges.
* **Follow-up:** Schedule a meeting or demo to discuss the specific pain points and showcase a customized solution that addresses these concerns.
* **Demonstrate**: Showcase the benefits of a well-optimized data management system or a robust security solution that aligns with Canadian regulations.

**5. Suggested Outreach Angle**

* **Personalized Angle:** ""Given your company's significant growth and focus on modern development practices, I'd like to discuss how our solution can help you optimize your data management and security processes, ensuring you maintain efficiency and compliance in the Canadian market."""
Company57,company57.example.com,SaaS,1475,India,GCP;Kubernetes;Python,VP Marketing,45,Not Qualified,Low,"**Company Fit**

Company57 matches the available ICP criteria as a SaaS company with a relatively large employee base (1475) operating in India. Given the ICP score of 45, which indicates a moderate level of interest and need for cloud-based solutions, it's plausible that Company57 may be exploring or already using Google Cloud Platform (GCP) and Kubernetes.

**Potential Business Pain Points**

Based on the available data, here are some potential business pain points:

1. **Scalability Challenges** (Possible Pain Point)
With a large employee base, Company57 may struggle to scale its applications and services efficiently, particularly with the growing demand for more complex cloud-based solutions.
2. **Cost Optimization** (Potential Pain Point)
As a large SaaS company, Company57 may face increasing pressure to optimize costs and ensure cost-effectiveness in its cloud infrastructure, especially with the rising costs of GCP and Kubernetes.
3. **Compliance and Security** (Possible Pain Point)
Given the Indian location, Company57 may need to navigate complex regulatory requirements and ensure the security of its data and applications, which could be a challenge with the increasing adoption of cloud-based services.

**Why the Target Contact May Care**

The VP Marketing at Company57 may care about these pain points because they are responsible for driving growth and innovation within the organization. Addressing scalability challenges, cost optimization, and compliance and security concerns could be critical to maintaining a competitive edge in the market.

**Recommended GTM Approach**

A practical sales approach could involve:

1. Identifying key decision-makers within Company57 who are responsible for cloud strategy and migration.
2. Building relationships with these decision-makers through targeted networking events and thought leadership content.
3. Offering a free assessment or consultation to evaluate Company57's current cloud infrastructure and provide recommendations for optimization and cost savings.

**Suggested Outreach Angle**

One evidence-based personalization angle could be:

""Given Company57's large employee base and India location, I'd like to explore how our cloud-based solutions can help optimize costs and ensure compliance with local regulations, ensuring a seamless scaling experience for your business.""

This angle focuses on the company's specific pain points and location, demonstrating a personalized understanding of their needs and challenges."
Company65,company65.example.com,SaaS,1675,Germany,Azure;Java;Spring Boot,Chief Growth Officer,45,Not Qualified,Low,"**1. Company Fit**

Company65 appears to match the available ICP (Ideal Customer Profile) criteria, as it is a SaaS company with a relatively large employee base (1675) and is based in Germany. The fact that it uses Azure, Java, and Spring Boot suggests a medium to large enterprise customer base. However, the ICP score of 45 and the low priority status suggest that the company may not be a high-priority target for B2B sales efforts.

**2. Potential Business Pain Points**

Based on the available information, the following potential and possible pain points can be hypothesized:

* **Potential Pain Point**: High cloud costs due to inefficient use of Azure resources (e.g., unused instances, misconfigured storage).
	+ Reason: Company65's large employee base and use of Azure, Java, and Spring Boot suggest a potentially complex cloud infrastructure.
* **Possible Pain Point**: Insufficient automation and integration capabilities, leading to manual effort and inefficiency in development and deployment processes.
	+ Reason: The use of Spring Boot and Java suggests a potentially large and complex application base, which could benefit from automation and integration solutions.

**3. Why the Target Contact May Care**

The Chief Growth Officer at Company65 may care about these pain points because their role involves driving revenue growth and increasing efficiency in the organization. By addressing high cloud costs and manual effort, the CCO may see opportunities to improve the company's bottom line and accelerate growth.

**4. Recommended GTM Approach**

A practical sales approach could involve:

* Conducting a brief assessment of Company65's current cloud infrastructure and costs to identify potential areas for optimization.
* Offering a customized demonstration of a cloud cost optimization or automation solution that addresses the potential pain points.
* Following up with a meeting to discuss the results and explore potential partnerships or implementations.

**5. Suggested Outreach Angle**

One evidence-based personalization angle could be:

* ""As a company that uses Azure and Java, I understand the importance of optimizing cloud costs and streamlining development and deployment processes. Our solution has helped similar companies in Germany reduce their cloud costs by [X]% and improve their development velocity by [X]%. I'd love to discuss how we can help Company65 achieve similar results.""

This angle leverages the shared technology and industry context to establish a connection with the target contact, while also highlighting the specific value proposition and results that Company65 can expect."
Company73,company73.example.com,SaaS,1875,UK,AWS;Python;React,VP Sales,45,Not Qualified,Low,"**Company Fit**

Company73 matches the available ICP criteria as a SaaS company utilizing AWS, Python, and React. The ICP score of 45 indicates a moderate fit, but the UK location and large employee base (1875) suggest a larger organization that may be looking to optimize their tech stack and processes.

**Potential Business Pain Points**

1. **Potential Pain Point**: Inefficient data processing and analysis due to manual workarounds.
Hypothesis: With a large employee base, Company73 may be struggling to manage and process data effectively, leading to inefficiencies in decision-making.

2. **Possible Pain Point**: Security concerns related to data breaches or unauthorized access.
Hypothesis: As a SaaS company utilizing AWS, Company73 may be vulnerable to security threats, particularly if they are not properly protecting their data.

**Why the Target Contact May Care**

The VP of Sales may care about the potential pain points because they are responsible for driving revenue growth and ensuring the company's overall success. The VP of Sales is likely concerned with identifying opportunities to improve efficiency and reduce costs, which would be relevant to the potential pain points.

**Recommended GTM Approach**

A practical sales approach would be to focus on showcasing how Company73's existing tech stack (AWS, Python, React) can be optimized to improve data processing and security. This could involve highlighting the benefits of integrating AI-powered tools for data analysis or implementing robust security measures to protect against data breaches.

**Suggested Outreach Angle**

Personalization angle: ""As a leader in the SaaS industry, Company73 likely values innovation and staying ahead of the competition. We've helped similar companies like [similar company] streamline their data processing and improve their security posture using [similar solution]. Would you like to explore how we can do the same for Company73?"""
Company89,company89.example.com,SaaS,2275,Canada,Azure;Java;Spring Boot,Chief Growth Officer,45,Not Qualified,Low,"**Analysis**

**Company Fit**

Company89 matches the available ICP criteria as it is a SaaS company with a significant employee base (2275) in Canada, which suggests a substantial enterprise customer base. The use of Azure, Java, and Spring Boot technologies indicates a focus on scalable and reliable software solutions, aligning with the ICP's likely need for efficient operations.

**Potential Business Pain Points**

1. **Potential Pain Point**: High employee turnover rates (2275 employees) could indicate difficulties in maintaining a stable and skilled workforce, potentially impacting productivity and growth.
2. **Possible Pain Point**: The need to scale quickly (as indicated by the significant employee base) may lead to issues with infrastructure, data management, and integration with other systems.

**Why the Target Contact May Care**

As the Chief Growth Officer, this individual is likely responsible for driving revenue growth and expansion strategies. They may care about identifying potential pain points that could hinder the company's growth and revenue goals.

**Recommended GTM Approach**

A practical approach would be to emphasize the company's scalability, reliability, and employee management capabilities, highlighting how they can support the company's growth goals.

**Suggested Outreach Angle**

**Personalization Angle**: Emphasize how the company's existing technology stack (Azure, Java, Spring Boot) can be leveraged to optimize employee data management and reduce turnover rates, aligning with the company's growth objectives.

Note: This analysis is based solely on the provided data and should not be considered an exhaustive assessment of the company's needs and pain points."
Company97,company97.example.com,SaaS,2475,India,AWS;Python;React,VP Sales,45,Not Qualified,Low,"**Company Fit**

Company97's use of AWS, Python, and React aligns with the available ICP criteria, scoring 45/100. This suggests that the company may be a mid-sized to large organization utilizing cloud-based services and modern technologies. The fact that they have 2475 employees and are based in India indicates a significant scale, which could make them a potential target for B2B sales efforts.

**Potential Business Pain Points**

* **Possible Pain Point:** Inefficient data management and analysis due to manual data processing.
* **Hypothesis:** With 2475 employees, Company97 may be struggling to manage and analyze the vast amount of data generated by their SaaS platform, leading to potential delays or inaccuracies in decision-making.

* **Possible Pain Point:** Limited scalability and performance issues with their current technology stack.
* **Hypothesis:** As the company grows, their current technology stack may be becoming a bottleneck, leading to performance issues, downtime, or scalability limitations.

* **Potential Pain Point:** Difficulty in maintaining a secure and compliant data environment.
* **Hypothesis:** As a company handling sensitive data, Company97 may be struggling to maintain a secure and compliant data environment, potentially leading to reputational risks or regulatory issues.

**Why the Target Contact May Care**

As the VP of Sales, the target contact is likely responsible for driving revenue growth and ensuring the company's overall success. Given the potential business pain points, the VP of Sales may care about identifying solutions that improve data management, scalability, and security, as these issues could impact revenue growth, customer satisfaction, and overall competitiveness.

**Recommended GTM Approach**

A practical sales approach for Company97 could involve:

1. Conducting a Discovery Call to understand their current pain points and goals.
2. Providing a tailored demo of a solution that addresses potential pain points (e.g., data management, scalability, security).
3. Offering a trial or pilot program to test the solution in a controlled environment.
4. Following up with a Review Call to discuss results and provide additional support.

**Suggested Outreach Angle**

Personalization angle: Highlight the solution's ability to help Company97 improve data management and analysis, addressing the potential pain point of ""inefficient data management and analysis due to manual data processing."" Emphasize how the solution can help the company streamline their data processes, reducing manual effort and increasing accuracy.

Note: This analysis is based solely on the provided information and should not be taken as an exhaustive or definitive assessment of Company97's potential business needs or pain points."
