company,website,industry,employees,country,technology,job_title,icp_score,qualification,priority,personalization_angle,pain_point,value_proposition,outreach_message
Company41,company41.example.com,SaaS,1075,USA,Azure;Java;Spring Boot,Chief Growth Officer,60,Qualified,Medium,"Here are the four sections:

**Personalization Angle**
Given Company41's use of Azure, Java, and Spring Boot, a relevant personalization angle could be highlighting how our solution can help them optimize their tech stack to drive growth, specifically by leveraging Azure's scalability and reliability features.

**Pain Point**
A realistic business problem that Company41 may be facing is **Scalability Challenges**, as a SaaS company with a medium-high priority score, where they may need to optimize their growth initiatives to scale quickly and efficiently while maintaining high-quality services to their customers.

**Value Proposition**
Our solution can provide value to Company41 by helping them overcome scalability challenges, drive innovation, and attract top talent, ultimately leading to revenue growth and maintaining their competitive edge in the SaaS industry.

**Outreach Message**
""Hi [Chief Growth Officer's Name], I came across Company41 and noticed that you're a SaaS company leveraging Azure, Java, and Spring Boot. I'd like to discuss how our solution can help you optimize your tech stack to drive growth, specifically by improving scalability and reliability. Would you be open to a brief conversation to explore opportunities?""",,,
Company81,company81.example.com,SaaS,2075,USA,GCP;Kubernetes;Python,VP Marketing,60,Qualified,Medium,"Here are the four sections:

**Personalization Angle**
The VP Marketing at Company81 is likely to care about improving the efficiency and scalability of their marketing operations, given their role and the company's size and industry.

**Pain Point**
A potential business pain point for Company81 is inefficient resource allocation due to manual Kubernetes deployment and management, which could impact their ability to scale and optimize their applications.

**Value Proposition**
Our GCP-powered solution could provide significant value to Company81 by helping them automate and optimize their Kubernetes deployment and management, resulting in improved resource allocation, scalability, and performance.

**Outreach Message**
""Hi [VP Marketing's Name], As a SaaS company with 2075 employees, you're likely familiar with the challenges of scaling and optimizing your applications. I came across your company and noticed you're already leveraging Google Cloud Platform. Our solution has helped similar SaaS companies like [similar company] improve their resource allocation and scalability, resulting in [desirable outcome]. I'd love to discuss how we can achieve similar results for Company81.""",,,
Company25,company25.example.com,SaaS,675,Germany,AWS;Python;React,VP Sales,45,Not Qualified,Low,"Here are the four sections:

**Personalization Angle**
Company25's focus on SaaS and use of AWS, Python, and React makes them a potential target for a solution that addresses integration complexity and scalability challenges.

**Pain Point**
One potential business pain point for Company25 is integration complexity, given their use of multiple AWS services and custom-built applications. This could lead to inefficiencies and productivity losses.

**Value Proposition**
Our solution can help streamline integration processes, ensuring seamless data exchange and application development, and provide scalability to support growing demands and infrastructure needs.

**Outreach Message**
""Hi [VP Sales], I came across Company25 and noticed your company's focus on SaaS and adoption of AWS, Python, and React. Given your use of these technologies, I think our solution could help alleviate integration complexity and support your team's scalability challenges. Would you like to discuss how our product can address these pain points and drive efficiency gains for your business?""",,,
Company33,company33.example.com,SaaS,875,UK,GCP;Kubernetes;Python,VP Marketing,45,Not Qualified,Low,"Here are the four sections:

**Personalization Angle**
Hi [VP Marketing], I noticed that Company33, like many SaaS companies, is focused on scaling efficiently to meet growing demand. This is an area where our solution can provide significant value.

**Pain Point**
Potential Business Pain Point: Scalability Challenges - With 875 employees, Company33 may struggle to maintain scalability and efficiency in its operations.

**Value Proposition**
Our solution can help Company33 streamline its operations, improve efficiency, and achieve better scalability, allowing them to focus on innovation and growth.

**Outreach Message**
Hi [VP Marketing], I came across Company33 and thought our scalable cloud solutions might interest you. As a VP Marketing at a large SaaS company, you're likely familiar with the importance of scalability in marketing efforts. I'd love to discuss how we can help Company33 improve their marketing efficiency.",,,
Company49,company49.example.com,SaaS,1275,Canada,AWS;Python;React,VP Sales,45,Not Qualified,Low,"Here are the four sections:

**Personalization Angle**
Given your company's significant growth and focus on modern development practices, I'd like to discuss how our solution can help you optimize your data management and security processes.

**Pain Point**
Possible Pain Point: Insufficient Security and Compliance. As a SaaS company using AWS, Company49 may face challenges in maintaining robust security measures to comply with Canadian regulations, potentially impacting their reputation and customer trust.

**Value Proposition**
Our solution can provide a robust security framework that aligns with Canadian regulations, ensuring the confidentiality, integrity, and availability of your data, while also simplifying data management processes to optimize efficiency.

**Outreach Message**
""Hi [VP Sales' Name], I came across Company49 and noticed your company's focus on modern development practices with AWS, Python, and React. I'd like to discuss how our solution can help you strengthen your security and compliance posture in the Canadian market, ensuring the reliability of your SaaS operations.""",,,
Company57,company57.example.com,SaaS,1475,India,GCP;Kubernetes;Python,VP Marketing,45,Not Qualified,Low,"Here are the four sections:

**Personalization Angle**
Given Company57's presence in India and its relatively large employee base, I believe they may be exploring ways to optimize their cloud infrastructure to improve scalability and cost-effectiveness.

**Pain Point**
Scalability Challenges: With a large employee base, Company57 may struggle to scale its applications and services efficiently, particularly with the growing demand for more complex cloud-based solutions.

**Value Proposition**
Our cloud-based solutions, leveraging Google Cloud Platform (GCP) and Kubernetes, can help Company57 optimize costs, ensure compliance with local regulations, and provide a seamless scaling experience for their business.

**Outreach Message**
""Hi [VP Marketing's Name], I came across Company57 and noticed that you operate a large SaaS business in India. I'd like to explore how our cloud-based solutions can help you optimize costs and ensure compliance with local regulations, ensuring a seamless scaling experience for your business. Would you be open to a brief assessment or consultation to discuss further?""",,,
Company65,company65.example.com,SaaS,1675,Germany,Azure;Java;Spring Boot,Chief Growth Officer,45,Not Qualified,Low,"Here are the four sections:

**Personalization Angle**
Company65, as a German SaaS company using Azure, Java, and Spring Boot, appears to be a natural fit for our cloud cost optimization solution, which has successfully helped similar companies in the same region reduce their cloud costs and improve their development velocity.

**Pain Point**
High cloud costs due to inefficient use of Azure resources, such as unused instances or misconfigured storage, could be a significant pain point for Company65, given their large employee base and use of Azure.

**Value Proposition**
Our cloud cost optimization solution can help Company65 reduce their Azure costs by [X]%, while also improving their development velocity and overall efficiency, allowing them to focus on driving growth and revenue.

**Outreach Message**
""Hi [Chief Growth Officer's Name], As a company that uses Azure and Java, I understand the importance of optimizing cloud costs and streamlining development and deployment processes. I'd love to discuss how our cloud cost optimization solution can help Company65 achieve similar results and drive growth through cost savings. Would you be open to a brief call to explore further?""",,,
Company73,company73.example.com,SaaS,1875,UK,AWS;Python;React,VP Sales,45,Not Qualified,Low,"Here are the four sections:

**Personalization Angle**
As a leader in the SaaS industry, Company73 likely values innovation and staying ahead of the competition. With a large employee base and a strong focus on technology, they are likely looking for ways to optimize their existing stack and improve efficiency.

**Pain Point**
Inefficient data processing and analysis due to manual workarounds is a common challenge faced by many large organizations, particularly those with complex tech stacks like Company73. This inefficiency can lead to delays in decision-making and opportunities for growth being missed.

**Value Proposition**
Our solution can help Company73 streamline their data processing and analysis, freeing up more time for strategic decision-making. By leveraging AI-powered tools, Company73 can improve the accuracy and speed of their data analysis, leading to better-informed decisions and increased revenue growth.

**Outreach Message**
Hi [VP Sales' First Name], I came across Company73 and was impressed by your company's innovative approach to the SaaS industry. I'd love to explore how our solution can help you optimize your data processing and improve your security posture, potentially unlocking new opportunities for growth. Would you be open to a brief conversation?",,,
Company89,company89.example.com,SaaS,2275,Canada,Azure;Java;Spring Boot,Chief Growth Officer,45,Not Qualified,Low,"Here are the four sections:

**Personalization Angle**
Company89, as a Canadian SaaS company with a significant employee base, may be relevant to our solution due to its potential need for efficient employee data management and reduced turnover rates, which can impact revenue growth.

**Pain Point**
One realistic business problem for Company89 could be the high employee turnover rates (2275 employees), which may indicate difficulties in maintaining a stable and skilled workforce, potentially impacting productivity and growth.

**Value Proposition**
Our solution can provide Company89 with a scalable and reliable way to manage employee data, reducing turnover rates and improving productivity, ultimately supporting the company's growth objectives and revenue goals.

**Outreach Message**
""Hi [Chief Growth Officer's Name], I came across Company89 and noticed its focus on scalable software solutions. I'd like to explore how our employee data management capabilities can help reduce turnover rates and improve productivity, aligning with your growth strategy. Would you be open to a brief conversation to discuss further?""",,,
Company97,company97.example.com,SaaS,2475,India,AWS;Python;React,VP Sales,45,Not Qualified,Low,"Here are the four sections:

**Personalization Angle**
Company97's use of React technology and large scale (2475 employees) suggests that they may be looking for a solution to streamline their data processes, making them a good target for a personalized outreach message.

**Pain Point**
Company97's potential pain point is ""inefficient data management and analysis due to manual data processing"" due to their large scale. This pain point is supported by the fact that they have 2475 employees, indicating a significant amount of data to manage.

**Value Proposition**
Our solution can provide Company97 with the ability to automate and streamline their data management and analysis processes, reducing manual effort and increasing accuracy. This can help the company improve decision-making, increase productivity, and ultimately drive revenue growth.

**Outreach Message**
""Hi [VP Sales], I came across Company97 and noticed that you're using React technology. As a company with 2475 employees, I think you may be struggling with data management and analysis. Our solution can help automate and streamline these processes, reducing manual effort and increasing accuracy. Would you be open to a quick call to discuss how our solution can help your team work more efficiently?""",,,
